id,name,model_id:id,group_id:id,perm_read,perm_write,perm_create,perm_unlink
access_eudr_declaration,eudr_declaration,model_eudr_declaration,base.group_user,1,1,1,1
access_eudr_declaration_line,eudr_declaration_line,model_eudr_declaration_line,base.group_user,1,1,1,1
access_planetio_question,access_planetio_question,model_planetio_question,base.group_system,1,1,1,1
access_planetio_questionnaire_answer,access_planetio_questionnaire_answer,model_planetio_questionnaire_answer,,1,1,1,1
access_caffe_crudo_geo_analysis_user,access_caffe_crudo_geo_analysis_user,model_caffe_crudo_geo_analysis,,1,1,1,1
access_otp_verification_wizard,access_otp_verification_wizard,model_otp_verification_wizard,,1,1,1,1
access_planetio_attachment_user,access_planetio_attachment_user,model_planetio_attachment,,1,1,1,1
access_planetio_excel_import_wizard_user,access_planetio_excel_import_wizard_user,model_excel_import_wizard,,1,1,1,1
access_excel_import_template_user,access_excel_import_template_user,model_excel_import_template,,1,1,1,1
access_excel_import_template_field_user,access_excel_import_template_field_user,model_excel_import_template_field,,1,1,1,1
access_excel_import_job_user,access_excel_import_job_user,model_excel_import_job,,1,1,1,1